<?xml version="1.0" encoding="utf-8" ?>

<Buildings>

	<ThingDef ParentName="BuildingBase">
		<defName>SignalFire</defName>
		<label>signal fire</label>
		<description>Allows contact with remote traders as well as other factions for trade and diplomacy.</description>
		<thingClass>Cryusaki.Building_SignalFire</thingClass>
		<graphicData>
			<texPath>SignalFire</texPath>
			<graphicClass>Graphic_Single</graphicClass>
			<drawRotated>false</drawRotated>
			<allowFlip>false</allowFlip>
			<drawSize>(1.5,1.5)</drawSize>
			<damageData>
				<rect>(0.2,0,0.6,0.1)</rect>
			</damageData>
		</graphicData>
		<altitudeLayer>Building</altitudeLayer>
		<passability>Impassable</passability>
		<drawerType>RealtimeOnly</drawerType>
		<fillPercent>0.20</fillPercent>
		<canOverlapZones>false</canOverlapZones>
		<statBases>
			<MaxHitPoints>80</MaxHitPoints>
			<WorkToBuild>200</WorkToBuild>
			<Flammability>0</Flammability>
		</statBases>
		<size>(2,2)</size>
		<costList>
			<WoodLog>20</WoodLog>
		</costList>
		<interactionCellOffset>(0,0,-1)</interactionCellOffset>
		<hasInteractionCell>true</hasInteractionCell>
		<designationCategory>Misc</designationCategory>
		<building>
			<ai_chillDestination>false</ai_chillDestination>
		</building>
		<comps>
			<li Class="CompProperties_Refuelable">
				<fuelConsumptionRate>10.0</fuelConsumptionRate>
				<fuelCapacity>20.0</fuelCapacity>
				<fuelConsumptionPerTickInRain>0.0006</fuelConsumptionPerTickInRain>
				<fuelFilter>
					<thingDefs>
						<li>WoodLog</li>
					</thingDefs>
				</fuelFilter>
				<destroyOnNoFuel>true</destroyOnNoFuel>
			</li>
			<li Class="CompProperties_Glower">
				<glowRadius>20</glowRadius>
				<glowColor>(252,187,113,0)</glowColor>
			</li>
			<li Class="CompProperties_HeatPusher">
				<heatPerSecond>21</heatPerSecond>
				<heatPushMaxTemperature>28</heatPushMaxTemperature>
			</li>
			<li Class="CompProperties_FireOverlay">
				<fireSize>1</fireSize>
			</li>
		</comps>
		<designationHotkey>Misc3</designationHotkey>
	</ThingDef>
	
	<ThingDef ParentName="BuildingBase">
		<defName>TribalTradeBeacon</defName>
		<label>tribal trade beacon</label>
		<thingClass>Building_OrbitalTradeBeacon</thingClass>
		<graphicData>
			<texPath>TribalTradeBeacon</texPath>
			<graphicClass>Graphic_Single</graphicClass>
			<shadowData>
				<volume>(0.3, 0.4, 0.3)</volume>
				<offset>(0,0,-0.1)</offset>
			</shadowData>
			<damageData>
				<rect>(0.2,0.2,0.6,0.6)</rect>
			</damageData>
		</graphicData>
		<altitudeLayer>Building</altitudeLayer>
		<minifiedDef>MinifiedFurniture</minifiedDef>
		<statBases>
			<MaxHitPoints>75</MaxHitPoints>
			<WorkToBuild>1300</WorkToBuild>
			<Flammability>1.0</Flammability>
		</statBases>
		<description>Required for trading. You can only sell goods that are near an trade beacon. Can be placed indoors.</description>
		<drawerType>MapMeshAndRealTime</drawerType>
		<drawPlaceWorkersWhileSelected>true</drawPlaceWorkersWhileSelected>
		<fillPercent>0.15</fillPercent>
		<costList>
			<WoodLog>15</WoodLog>
		</costList>
		<building>
			<ai_chillDestination>false</ai_chillDestination>
		</building>
		<leaveResourcesWhenKilled>false</leaveResourcesWhenKilled>
		<pathCost>8</pathCost>
		<designationCategory>Misc</designationCategory>
		<rotatable>false</rotatable>
		<placeWorkers>
			<li>PlaceWorker_ShowTradeBeaconRadius</li>
		</placeWorkers>
		<designationHotKey>Misc2</designationHotKey>
	</ThingDef>

</Buildings>